planned_combination_id,algorithm,feature_strategy,actual_genes,gene_count,converged,failure_reason,TCGA_C_index,TCGA_AUC_1year,TCGA_AUC_3year,TCGA_AUC_5year,TCGA_IBS,GSE37642_C_index,GSE37642_AUC_1year,GSE37642_AUC_3year,GSE37642_AUC_5year,GSE37642_HR,GSE37642_P_value,GSE12417_C_index,GSE12417_AUC_1year,GSE12417_AUC_3year,GSE12417_AUC_5year,GSE12417_HR,GSE12417_P_value,combined_GPL570_C_index,combined_GPL570_AUC_1year,combined_GPL570_AUC_3year,combined_GPL570_AUC_5year,combined_GPL570_HR,combined_GPL570_P_value,all_external_HR_direction_consistent,external_at_least_one_significant,combined_GPL570_significant
M001,CoxBoost,FS01_all_33,CLCN5;ITGB2;MYO7A;KCNE1;BCL2L11;ARHGEF5;THBS1;TRIM32;PMM1;VDR;SAT1;HOXB5;SLC8A1;FTH1;SEL1L3;HOXB6;FGR;ACOX2;CTSD;ITGAM;MYOF;SLC16A3;CCL22;TNFSF12-TNFSF13;NEDD9;KIAA0513;PRKCD;PI4K2A;EPB41L3;HOXB7;AIM2;KCNQ1;NINJ1,33,TRUE,"",0.667198821073315,0.751858801074711,0.718829605710179,0.835686002102807,0.226213385199199,0.594080078604765,0.622859746205691,0.667632404541322,0.600906894972972,2.22932066421864,0.00443923383954957,0.615415821501014,0.631431716547436,0.684669055368063,0.531961616385605,2.29645043438967,0.0260272483915169,0.603028442807448,0.625043198444719,0.673816730549313,0.600675852338281,2.26302062561864,0.00027023437116707,TRUE,TRUE,TRUE
M002,Elastic Net-Cox,FS01_all_33,CLCN5;ITGB2;ARHGEF5;TRIM32;SAT1;ACOX2,6,TRUE,"",0.661549797371976,0.74835000254017,0.71470572017558,0.823947751014628,0.226241554469056,0.596045197740113,0.62508275513162,0.678115857209669,0.617857803762153,3.90581552523524,0.00284398633115257,0.622718052738337,0.642966688535387,0.694609538305194,0.547453682452492,4.24524849694764,0.0188768308819513,0.60512584407612,0.627934554993862,0.682193472945639,0.618460972305915,4.04681056992006,0.000132145425058663,TRUE,TRUE,TRUE
M003,GBM-Cox,FS01_all_33,CLCN5;ITGB2;MYO7A;KCNE1;BCL2L11;ARHGEF5;THBS1;TRIM32;PMM1;VDR;SAT1;HOXB5;SLC8A1;FTH1;SEL1L3;HOXB6;FGR;ACOX2;CTSD;ITGAM;MYOF;SLC16A3;CCL22;TNFSF12-TNFSF13;NEDD9;KIAA0513;PRKCD;PI4K2A;EPB41L3;HOXB7;AIM2;KCNQ1;NINJ1,33,TRUE,"",0.941544885177453,0.992664041762839,0.988480699063065,0.996418505856512,0.167414891742668,0.554163596168018,0.596886752495118,0.600337359166978,0.56336188045602,1.13102040393211,0.19886055971179,0.638539553752536,0.658511868943843,0.696764150048692,0.594624453414295,1.4455013101703,0.00915359099362004,0.583282177204829,0.615099150814086,0.629847532140956,0.574839060417728,1.22703978267553,0.00972187564234861,TRUE,TRUE,TRUE
M004,LASSO-Cox,FS01_all_33,CLCN5;ITGB2;ARHGEF5;TRIM32;SAT1;ACOX2,6,TRUE,"",0.664742723811863,0.750556470766163,0.716405018819724,0.838116070850235,0.226287417016021,0.593465978874969,0.621523309595922,0.669865645681607,0.605954128901856,2.50980356757162,0.00406054635603685,0.613387423935091,0.630791780642872,0.687929810114431,0.540518510330334,2.62121710115248,0.0250803066334238,0.602465725393902,0.623888554523485,0.676336370630237,0.606644378867727,2.56091624515165,0.00024138781173841,TRUE,TRUE,TRUE
M005,Random Survival Forest,FS01_all_33,CLCN5;ITGB2;MYO7A;KCNE1;BCL2L11;ARHGEF5;THBS1;TRIM32;PMM1;VDR;SAT1;HOXB5;SLC8A1;FTH1;SEL1L3;HOXB6;FGR;ACOX2;CTSD;ITGAM;MYOF;SLC16A3;CCL22;TNFSF12-TNFSF13;NEDD9;KIAA0513;PRKCD;PI4K2A;EPB41L3;HOXB7;AIM2;KCNQ1;NINJ1,33,TRUE,"",0.862090138769495,0.966211901131338,0.936959994391707,0.955468757928127,0.175858553046447,0.563743551952837,0.582709649552654,0.628727070022147,0.577664477486816,1.01670825939559,0.0607690142891332,0.600811359026369,0.591016454160984,0.702808381889973,0.588178636223124,1.02379593938044,0.0408658614239802,0.582770615919787,0.591053202041104,0.654804488570103,0.567940592281269,1.01983923224241,0.00487839874047773,TRUE,TRUE,TRUE
M006,Ridge-Cox,FS01_all_33,CLCN5;ITGB2;MYO7A;KCNE1;BCL2L11;ARHGEF5;THBS1;TRIM32;PMM1;VDR;SAT1;HOXB5;SLC8A1;FTH1;SEL1L3;HOXB6;FGR;ACOX2;CTSD;ITGAM;MYOF;SLC16A3;CCL22;TNFSF12-TNFSF13;NEDD9;KIAA0513;PRKCD;PI4K2A;EPB41L3;HOXB7;AIM2;KCNQ1;NINJ1,33,TRUE,"",0.638830897703549,0.717480577433595,0.69620057678324,0.815580788629132,0.236514753276918,0.569393269466961,0.58405691001978,0.584246565145645,0.552329624937617,2.38967149542497,0.0989935733082435,0.567139959432049,0.545790639112645,0.632806631614903,0.526121906787228,2.05085138319533,0.274676562939486,0.570186208307755,0.569396123169918,0.60071545872894,0.551995378574014,2.25305147432321,0.046889674504972,TRUE,FALSE,TRUE
M007,Stepwise Cox,FS01_all_33,CLCN5;ITGB2;TRIM32;SAT1;HOXB5;FGR;ACOX2;HOXB7;NINJ1,9,TRUE,"",0.686233574849564,0.749624282515543,0.733909896523793,0.699795174074967,0.229695879896533,0.540039302382707,0.533615839654721,0.570907355628441,0.546530357241235,1.27475928949314,0.1686557594904,0.587829614604463,0.602147434782129,0.614856211433229,0.570684844921443,1.35298676915593,0.162660565864581,0.557039083282177,0.55406607931326,0.582479392598464,0.545999503175857,1.31403079834725,0.0455497339391096,TRUE,FALSE,TRUE
M008,SuperPC,FS01_all_33,CLCN5;ITGB2;MYO7A;KCNE1;BCL2L11;ARHGEF5;THBS1;TRIM32;PMM1;VDR;SAT1;HOXB5;SLC8A1;FTH1;SEL1L3;HOXB6;FGR;ACOX2;CTSD;ITGAM;MYOF;SLC16A3;CCL22;TNFSF12-TNFSF13;NEDD9;KIAA0513;PRKCD;PI4K2A;EPB41L3;HOXB7;AIM2;KCNQ1;NINJ1,33,TRUE,"",0.612550657006017,0.677469297926836,0.660211193053107,0.758499952375985,0.24775524742507,0.570744288872513,0.583863939229544,0.576404875682079,0.554758605788665,1.24001080430942,0.199694364797418,0.568356997971602,0.563634156960831,0.636838124229436,0.531663268427692,1.17730624073691,0.443164270114787,0.570953550235318,0.575892716922225,0.594945162133319,0.553600651908796,1.21567212819864,0.135845600681723,TRUE,FALSE,FALSE
M009,Survival-SVM,FS01_all_33,CLCN5;ITGB2;MYO7A;KCNE1;BCL2L11;ARHGEF5;THBS1;TRIM32;PMM1;VDR;SAT1;HOXB5;SLC8A1;FTH1;SEL1L3;HOXB6;FGR;ACOX2;CTSD;ITGAM;MYOF;SLC16A3;CCL22;TNFSF12-TNFSF13;NEDD9;KIAA0513;PRKCD;PI4K2A;EPB41L3;HOXB7;AIM2;KCNQ1;NINJ1,33,TRUE,"",0.364239223873265,0.284819889515352,0.310399892148501,0.196842987270686,0.352717993468181,0.430729550478998,0.417487767401209,0.411157768332665,0.440895507163784,0.999157616410335,0.084192143750611,0.438133874239351,0.460604476326191,0.365801475628383,0.379491181585797,0.999289073196242,0.241383747715885,0.431297319418866,0.433509116012379,0.396777131318393,0.441914562827103,0.999208281029051,0.0359702619620358,FALSE,FALSE,TRUE
M011,CoxBoost,FS02_unicox_p005,CLCN5;ITGB2;MYO7A;KCNE1;BCL2L11;ARHGEF5;THBS1;TRIM32;PMM1;VDR;SAT1;HOXB5;SLC8A1;FTH1;SEL1L3;HOXB6;FGR;ACOX2;CTSD;ITGAM;MYOF;SLC16A3;CCL22;TNFSF12-TNFSF13;NEDD9;KIAA0513;PRKCD;PI4K2A;EPB41L3;HOXB7;AIM2;KCNQ1;NINJ1,33,TRUE,"",0.667198821073315,0.751858801074711,0.718829605710179,0.835686002102807,0.226213385199199,0.594080078604765,0.622859746205691,0.667632404541322,0.600906894972972,2.22932066421864,0.00443923383954957,0.615415821501014,0.631431716547436,0.684669055368063,0.531961616385605,2.29645043438967,0.0260272483915169,0.603028442807448,0.625043198444719,0.673816730549313,0.600675852338281,2.26302062561864,0.00027023437116707,TRUE,TRUE,TRUE
M012,Elastic Net-Cox,FS02_unicox_p005,CLCN5;ITGB2;ARHGEF5;TRIM32;SAT1;ACOX2,6,TRUE,"",0.665356748127226,0.751620473926692,0.716120586391631,0.834982596749064,0.226311145379966,0.593465978874969,0.620364136427834,0.666087890306035,0.603254694169685,2.63164937495297,0.00454992350673934,0.612170385395538,0.629365080038668,0.684492331559156,0.528832212799417,2.74338901692234,0.0256700790611369,0.602363413136894,0.623682229712588,0.672907154157802,0.603224904098647,2.68454235802095,0.000274754506324639,TRUE,TRUE,TRUE
M013,GBM-Cox,FS02_unicox_p005,CLCN5;ITGB2;MYO7A;KCNE1;BCL2L11;ARHGEF5;THBS1;TRIM32;PMM1;VDR;SAT1;HOXB5;SLC8A1;FTH1;SEL1L3;HOXB6;FGR;ACOX2;CTSD;ITGAM;MYOF;SLC16A3;CCL22;TNFSF12-TNFSF13;NEDD9;KIAA0513;PRKCD;PI4K2A;EPB41L3;HOXB7;AIM2;KCNQ1;NINJ1,33,TRUE,"",0.937369519832986,0.991962644806891,0.988140977697747,0.996418505856512,0.167099221842133,0.558830754114468,0.602901245676561,0.611452423950091,0.573646249693039,1.15284006777751,0.137577794992784,0.642596348884381,0.661183643781461,0.713758935462655,0.609804931398259,1.5124064251471,0.00552992600344379,0.588755882954778,0.620305636365684,0.641736062474011,0.588155538856128,1.25338489267773,0.00469929093241211,TRUE,TRUE,TRUE
M014,LASSO-Cox,FS02_unicox_p005,CLCN5;ITGB2;ARHGEF5;TRIM32,4,TRUE,"",0.649883335380081,0.738327461102254,0.700072175420642,0.805989668153573,0.22883559474637,0.594080078604765,0.628302943804938,0.70680166320553,0.643695489075233,6.25985223118248,0.00127240014822036,0.604056795131846,0.624849882409656,0.67746085205241,0.593006821473762,6.45271454880183,0.0223570237737711,0.601289134438306,0.627183768264156,0.699812724664982,0.65158308775439,6.34627994157505,7.33880169602961e-05,TRUE,TRUE,TRUE
M015,Random Survival Forest,FS02_unicox_p005,CLCN5;ITGB2;MYO7A;KCNE1;BCL2L11;ARHGEF5;THBS1;TRIM32;PMM1;VDR;SAT1;HOXB5;SLC8A1;FTH1;SEL1L3;HOXB6;FGR;ACOX2;CTSD;ITGAM;MYOF;SLC16A3;CCL22;TNFSF12-TNFSF13;NEDD9;KIAA0513;PRKCD;PI4K2A;EPB41L3;HOXB7;AIM2;KCNQ1;NINJ1,33,TRUE,"",0.862090138769495,0.966211901131338,0.936959994391707,0.955468757928127,0.175858553046447,0.563743551952837,0.582709649552654,0.628727070022147,0.577664477486816,1.01670825939559,0.0607690142891331,0.600811359026369,0.591016454160984,0.702808381889973,0.588178636223124,1.02379593938044,0.0408658614239802,0.582770615919787,0.591053202041104,0.654804488570103,0.567940592281269,1.01983923224241,0.00487839874047773,TRUE,TRUE,TRUE
M016,Ridge-Cox,FS02_unicox_p005,CLCN5;ITGB2;MYO7A;KCNE1;BCL2L11;ARHGEF5;THBS1;TRIM32;PMM1;VDR;SAT1;HOXB5;SLC8A1;FTH1;SEL1L3;HOXB6;FGR;ACOX2;CTSD;ITGAM;MYOF;SLC16A3;CCL22;TNFSF12-TNFSF13;NEDD9;KIAA0513;PRKCD;PI4K2A;EPB41L3;HOXB7;AIM2;KCNQ1;NINJ1,33,TRUE,"",0.639444922018912,0.718203899327832,0.696134301915015,0.815580788629132,0.236096172789125,0.56963890935888,0.584717311094352,0.585038756809616,0.552271931522917,2.36454470512667,0.094024302460161,0.567139959432049,0.543687507585447,0.636050114924449,0.529027144630367,2.03415366684106,0.266648310086631,0.569776959279722,0.568932422586636,0.60132521970615,0.552372059735662,2.2311268494822,0.0435554394704777,TRUE,FALSE,TRUE
M017,Stepwise Cox,FS02_unicox_p005,CLCN5;ITGB2;TRIM32;SAT1;HOXB5;FGR;ACOX2;HOXB7;NINJ1,9,TRUE,"",0.686233574849564,0.749624282515543,0.733909896523793,0.699795174074967,0.229695879896533,0.540039302382707,0.533615839654721,0.570907355628441,0.546530357241235,1.27475928949314,0.1686557594904,0.587829614604463,0.602147434782129,0.614856211433229,0.570684844921443,1.35298676915593,0.162660565864581,0.557039083282177,0.55406607931326,0.582479392598464,0.545999503175857,1.31403079834725,0.0455497339391096,TRUE,FALSE,TRUE
M018,SuperPC,FS02_unicox_p005,CLCN5;ITGB2;MYO7A;KCNE1;BCL2L11;ARHGEF5;THBS1;TRIM32;PMM1;VDR;SAT1;HOXB5;SLC8A1;FTH1;SEL1L3;HOXB6;FGR;ACOX2;CTSD;ITGAM;MYOF;SLC16A3;CCL22;TNFSF12-TNFSF13;NEDD9;KIAA0513;PRKCD;PI4K2A;EPB41L3;HOXB7;AIM2;KCNQ1;NINJ1,33,TRUE,"",0.612550657006017,0.677469297926836,0.660211193053107,0.758499952375985,0.24775524742507,0.570744288872513,0.583863939229544,0.576404875682079,0.554758605788665,1.24001080430942,0.199694364797418,0.568356997971602,0.563634156960831,0.636838124229436,0.531663268427692,1.17730624073691,0.443164270114787,0.570953550235318,0.575892716922225,0.594945162133319,0.553600651908796,1.21567212819864,0.135845600681723,TRUE,FALSE,FALSE
M019,Survival-SVM,FS02_unicox_p005,CLCN5;ITGB2;MYO7A;KCNE1;BCL2L11;ARHGEF5;THBS1;TRIM32;PMM1;VDR;SAT1;HOXB5;SLC8A1;FTH1;SEL1L3;HOXB6;FGR;ACOX2;CTSD;ITGAM;MYOF;SLC16A3;CCL22;TNFSF12-TNFSF13;NEDD9;KIAA0513;PRKCD;PI4K2A;EPB41L3;HOXB7;AIM2;KCNQ1;NINJ1,33,TRUE,"",0.364239223873265,0.284819889515352,0.310399892148501,0.196842987270686,0.352717993468181,0.430729550478998,0.417487767401209,0.411157768332665,0.440895507163784,0.999157616410335,0.084192143750611,0.438133874239351,0.460604476326191,0.365801475628383,0.379491181585797,0.999289073196242,0.241383747715885,0.431297319418866,0.433509116012379,0.396777131318393,0.441914562827103,0.999208281029051,0.0359702619620358,FALSE,FALSE,TRUE
M021,CoxBoost,FS03_unicox_p001,CLCN5;ITGB2;MYO7A;KCNE1;BCL2L11;ARHGEF5;THBS1;TRIM32;PMM1;VDR;SAT1;HOXB5;SLC8A1;FTH1;SEL1L3;HOXB6;FGR;ACOX2,18,TRUE,"",0.66461991894879,0.750836309313838,0.715935327346258,0.83638598884192,0.22642283165172,0.591623679685581,0.619711643693485,0.660290154929568,0.597991047026657,2.15048864630232,0.00537170507876361,0.612981744421907,0.629254746262019,0.683341159453143,0.534915654086678,2.23108779526943,0.0280519787730171,0.600317167996726,0.62201976500581,0.668044523256708,0.596667834513395,2.18850916140438,0.000349908502178203,TRUE,TRUE,TRUE
M022,Elastic Net-Cox,FS03_unicox_p001,CLCN5;ITGB2;ARHGEF5;TRIM32;SAT1;ACOX2,6,TRUE,"",0.665356748127226,0.75083914258419,0.714850450245174,0.831526218714705,0.226385477551265,0.593097519037092,0.619929906594849,0.663719935152736,0.600128729961777,2.42477135187057,0.00502858311372239,0.613387423935091,0.630053393060685,0.686566137651809,0.532437382830381,2.51110974058904,0.0275483724803748,0.601851851851852,0.623134895925534,0.671230153761668,0.59898460505809,2.46700510406949,0.000322716254187467,TRUE,TRUE,TRUE
M023,GBM-Cox,FS03_unicox_p001,CLCN5;ITGB2;MYO7A;KCNE1;BCL2L11;ARHGEF5;THBS1;TRIM32;PMM1;VDR;SAT1;HOXB5;SLC8A1;FTH1;SEL1L3;HOXB6;FGR;ACOX2,18,TRUE,"",0.911948913176962,0.974345608004857,0.975024920379193,0.994815236153174,0.171757298269132,0.556251535249325,0.566091238338934,0.612139583185799,0.605076131041121,1.15312517176945,0.120107954752788,0.699391480730223,0.734203385888989,0.780736950619883,0.749042907848744,1.58896011344819,7.41493039762088e-05,0.607734806629834,0.62556438015548,0.665423229625037,0.61708068967028,1.29949194906943,0.000323165788042075,TRUE,TRUE,TRUE
M024,LASSO-Cox,FS03_unicox_p001,CLCN5;ITGB2;ARHGEF5;TRIM32;SAT1;ACOX2,6,TRUE,"",0.662900650865774,0.749619208118072,0.716545785055651,0.829528206197958,0.226313532446444,0.59334315892901,0.624232772555479,0.677866906181547,0.613959957847159,3.19377918791266,0.00274705477848614,0.619066937119676,0.638072112458975,0.695841053434279,0.555370910509463,3.47047244619736,0.0193295598874472,0.60354000409249,0.627143163242613,0.683186955386432,0.616717414772413,3.3056364685496,0.000130751177397804,TRUE,TRUE,TRUE
M025,Random Survival Forest,FS03_unicox_p001,CLCN5;ITGB2;MYO7A;KCNE1;BCL2L11;ARHGEF5;THBS1;TRIM32;PMM1;VDR;SAT1;HOXB5;SLC8A1;FTH1;SEL1L3;HOXB6;FGR;ACOX2,18,TRUE,"",0.842441360677883,0.946647127200489,0.921048500813802,0.948727842502412,0.18042266331232,0.567059690493736,0.577676337218333,0.669938357410286,0.62388506632538,1.01726842267383,0.0278995934591159,0.627991886409736,0.624494268160303,0.760545869929118,0.607140536427584,1.02890740292255,0.00577195496285072,0.592643748721097,0.599971631713983,0.697944488950225,0.613100076974532,1.02196190284239,0.000451863904829677,TRUE,TRUE,TRUE
M026,Ridge-Cox,FS03_unicox_p001,CLCN5;ITGB2;MYO7A;KCNE1;BCL2L11;ARHGEF5;THBS1;TRIM32;PMM1;VDR;SAT1;HOXB5;SLC8A1;FTH1;SEL1L3;HOXB6;FGR;ACOX2,18,TRUE,"",0.650128945106226,0.726459228250005,0.706053236219196,0.84379811643118,0.231507237448825,0.569270449521002,0.588148218768452,0.594786037060314,0.562315916087106,2.48470784204792,0.0469714845306846,0.567951318458418,0.544329140932728,0.64166780395994,0.511459192373185,2.09685873394886,0.19211537036104,0.569981583793739,0.572333927702738,0.609487121207123,0.56141477257378,2.32439304544131,0.0171094913810988,TRUE,TRUE,TRUE
M027,Stepwise Cox,FS03_unicox_p001,CLCN5;ITGB2;ARHGEF5;SAT1;FGR;ACOX2,6,TRUE,"",0.68033894142208,0.75929098752861,0.715117250160327,0.779947782934799,0.232055081625075,0.551338737410956,0.54732762606277,0.629786508388935,0.583836429790084,1.34760212342948,0.100914375112845,0.57525354969574,0.560622893579678,0.683499686569685,0.572434308667618,1.37376436186469,0.21409385258895,0.56256394516063,0.554894089630596,0.646503179988975,0.581210665886158,1.36426399819775,0.0360893668792876,TRUE,FALSE,TRUE
M028,SuperPC,FS03_unicox_p001,CLCN5;ITGB2;MYO7A;KCNE1;BCL2L11;ARHGEF5;THBS1;TRIM32;PMM1;VDR;SAT1;HOXB5;SLC8A1;FTH1;SEL1L3;HOXB6;FGR;ACOX2,18,TRUE,"",0.633427483728356,0.696845230259939,0.687040791649855,0.795764651605111,0.241585251130234,0.574551707197249,0.59426293285134,0.594573375083922,0.570098572061844,1.40361234250589,0.0688976437488005,0.553752535496957,0.538027384843364,0.623502107655025,0.488297180131564,1.22963221013254,0.361706343264042,0.567884182525066,0.573067387547826,0.600997762124201,0.564277363176964,1.32915470417471,0.0458848253990667,TRUE,FALSE,TRUE
M029,Survival-SVM,FS03_unicox_p001,CLCN5;ITGB2;MYO7A;KCNE1;BCL2L11;ARHGEF5;THBS1;TRIM32;PMM1;VDR;SAT1;HOXB5;SLC8A1;FTH1;SEL1L3;HOXB6;FGR;ACOX2,18,TRUE,"",0.354783249416677,0.2787371309538,0.302280802869194,0.17275272138004,0.355845151177368,0.428027511667895,0.406658297674737,0.405279279386863,0.435995703097782,0.998741938180035,0.0423423551954257,0.438133874239351,0.459141280703556,0.364756399491418,0.390497083645861,0.999019454100459,0.197389222155956,0.429353386535707,0.426511206443043,0.390458971935615,0.433540420479823,0.998853662971197,0.0161190629226314,FALSE,TRUE,TRUE
M031,CoxBoost,FS04_unicox_top30,CLCN5;ITGB2;MYO7A;KCNE1;BCL2L11;ARHGEF5;THBS1;TRIM32;PMM1;VDR;SAT1;HOXB5;SLC8A1;FTH1;SEL1L3;HOXB6;FGR;ACOX2;CTSD;ITGAM;MYOF;SLC16A3;CCL22;TNFSF12-TNFSF13;NEDD9;KIAA0513;PRKCD;PI4K2A;EPB41L3;HOXB7,30,TRUE,"",0.66461991894879,0.750836309313838,0.715935327346258,0.83638598884192,0.22642283165172,0.591623679685581,0.619711643693485,0.660290154929568,0.597991047026657,2.15048864630232,0.00537170507876361,0.612981744421907,0.629254746262019,0.683341159453143,0.534915654086678,2.23108779526943,0.0280519787730171,0.600317167996726,0.62201976500581,0.668044523256708,0.596667834513395,2.18850916140438,0.000349908502178203,TRUE,TRUE,TRUE
M032,Elastic Net-Cox,FS04_unicox_top30,CLCN5;ITGB2;ARHGEF5;TRIM32;SAT1;ACOX2,6,TRUE,"",0.665356748127226,0.75083914258419,0.714850450245174,0.831526218714705,0.226385477551265,0.593097519037092,0.619929906594849,0.663719935152736,0.600128729961777,2.42477135187057,0.00502858311372239,0.613387423935091,0.630053393060685,0.686566137651809,0.532437382830381,2.51110974058904,0.0275483724803748,0.601851851851852,0.623134895925534,0.671230153761668,0.59898460505809,2.46700510406949,0.000322716254187467,TRUE,TRUE,TRUE
M033,GBM-Cox,FS04_unicox_top30,CLCN5;ITGB2;MYO7A;KCNE1;BCL2L11;ARHGEF5;THBS1;TRIM32;PMM1;VDR;SAT1;HOXB5;SLC8A1;FTH1;SEL1L3;HOXB6;FGR;ACOX2;CTSD;ITGAM;MYOF;SLC16A3;CCL22;TNFSF12-TNFSF13;NEDD9;KIAA0513;PRKCD;PI4K2A;EPB41L3;HOXB7,30,TRUE,"",0.92472061893651,0.984522028101747,0.989866178212517,1,0.167939129416107,0.581552444116925,0.62314820018203,0.658609870422032,0.615283179417715,1.24805044574563,0.0208697739184782,0.679513184584179,0.730547942996479,0.765056182287679,0.732197411634239,1.67252101163467,0.00015186195938227,0.615919787190506,0.660259700568155,0.691669169528589,0.630936477295444,1.37711867170577,4.52160732999154e-05,TRUE,TRUE,TRUE
M034,LASSO-Cox,FS04_unicox_top30,CLCN5;ITGB2;ARHGEF5;TRIM32;SAT1;ACOX2,6,TRUE,"",0.664742723811863,0.750556470766163,0.716405018819724,0.838116070850235,0.226287417016021,0.593465978874969,0.621523309595922,0.669865645681607,0.605954128901856,2.50980356757162,0.00406054635603685,0.613387423935091,0.630791780642872,0.687929810114431,0.540518510330334,2.62121710115248,0.0250803066334238,0.602465725393902,0.623888554523485,0.676336370630237,0.606644378867727,2.56091624515165,0.00024138781173841,TRUE,TRUE,TRUE
M035,Random Survival Forest,FS04_unicox_top30,CLCN5;ITGB2;MYO7A;KCNE1;BCL2L11;ARHGEF5;THBS1;TRIM32;PMM1;VDR;SAT1;HOXB5;SLC8A1;FTH1;SEL1L3;HOXB6;FGR;ACOX2;CTSD;ITGAM;MYOF;SLC16A3;CCL22;TNFSF12-TNFSF13;NEDD9;KIAA0513;PRKCD;PI4K2A;EPB41L3;HOXB7,30,TRUE,"",0.853616603217487,0.954791230385032,0.930664995382751,0.956137185783291,0.177618436225529,0.569884549250798,0.591972283927928,0.648094341044103,0.591287618009428,1.01900350614004,0.0376135402644604,0.618661257606491,0.617457519374187,0.734336772970818,0.614437485125364,1.02917930718491,0.0171485510952055,0.589318600368324,0.600618762586345,0.673487595735722,0.582672000142478,1.02319773736054,0.00145369551296508,TRUE,TRUE,TRUE
M036,Ridge-Cox,FS04_unicox_top30,CLCN5;ITGB2;MYO7A;KCNE1;BCL2L11;ARHGEF5;THBS1;TRIM32;PMM1;VDR;SAT1;HOXB5;SLC8A1;FTH1;SEL1L3;HOXB6;FGR;ACOX2;CTSD;ITGAM;MYOF;SLC16A3;CCL22;TNFSF12-TNFSF13;NEDD9;KIAA0513;PRKCD;PI4K2A;EPB41L3;HOXB7,30,TRUE,"",0.63932211715584,0.716834694320554,0.697013519037462,0.813614473284146,0.236518034935082,0.570007369196758,0.586078201604074,0.586341510281245,0.555361367539008,2.5827224811195,0.0891356186953601,0.570385395537525,0.549332353343071,0.638105415906222,0.535433719590181,2.17249455486056,0.262139450409687,0.571004706363822,0.571504633315736,0.602706374025955,0.556000980693029,2.41422858352387,0.0409386732070191,TRUE,FALSE,TRUE
M037,Stepwise Cox,FS04_unicox_top30,CLCN5;ITGB2;TRIM32;SAT1;FGR;ACOX2;EPB41L3,7,TRUE,"",0.67125138155471,0.740393533119259,0.717902415849771,0.761416295046532,0.229472969517385,0.543723900761484,0.533098116699842,0.587860136229094,0.542302354508896,1.28755324154192,0.164790082935928,0.575659229208925,0.553373115732493,0.644091819276003,0.580494465707971,1.41115103558613,0.143815723667627,0.556067116840598,0.541336093866587,0.60358913791724,0.537668962567865,1.34009082870315,0.0432267119824517,TRUE,FALSE,TRUE
M038,SuperPC,FS04_unicox_top30,CLCN5;ITGB2;MYO7A;KCNE1;BCL2L11;ARHGEF5;THBS1;TRIM32;PMM1;VDR;SAT1;HOXB5;SLC8A1;FTH1;SEL1L3;HOXB6;FGR;ACOX2;CTSD;ITGAM;MYOF;SLC16A3;CCL22;TNFSF12-TNFSF13;NEDD9;KIAA0513;PRKCD;PI4K2A;EPB41L3;HOXB7,30,TRUE,"",0.616357607761267,0.68171296911251,0.666832440870778,0.760169963791925,0.246787096925049,0.574674527143208,0.591753729474851,0.584235226655208,0.558869102422393,1.2938398369347,0.138469140329733,0.57079107505071,0.57215701684627,0.636679905531409,0.557765929221766,1.20936713434921,0.381509771361075,0.574739103744629,0.584252510068525,0.59999446253841,0.557501492262966,1.25971359988074,0.0867486040170004,TRUE,FALSE,FALSE
M039,Survival-SVM,FS04_unicox_top30,CLCN5;ITGB2;MYO7A;KCNE1;BCL2L11;ARHGEF5;THBS1;TRIM32;PMM1;VDR;SAT1;HOXB5;SLC8A1;FTH1;SEL1L3;HOXB6;FGR;ACOX2;CTSD;ITGAM;MYOF;SLC16A3;CCL22;TNFSF12-TNFSF13;NEDD9;KIAA0513;PRKCD;PI4K2A;EPB41L3;HOXB7,30,TRUE,"",0.361783126611814,0.28177313698562,0.306020113844281,0.195746504813253,0.353240795490481,0.426799312208303,0.413453092572844,0.407712631045506,0.438571263042103,0.999071706266237,0.0712300417334628,0.432048681541582,0.454221242986379,0.359536724549111,0.378951427435472,0.999225886374632,0.224558409584077,0.427255985267035,0.427654292257914,0.392016041900212,0.438803781704885,0.999131935374665,0.0289425527426364,FALSE,FALSE,TRUE
M041,CoxBoost,FS05_unicox_top25,CLCN5;ITGB2;MYO7A;KCNE1;BCL2L11;ARHGEF5;THBS1;TRIM32;PMM1;VDR;SAT1;HOXB5;SLC8A1;FTH1;SEL1L3;HOXB6;FGR;ACOX2;CTSD;ITGAM;MYOF;SLC16A3;CCL22;TNFSF12-TNFSF13;NEDD9,25,TRUE,"",0.66461991894879,0.750836309313838,0.715935327346258,0.83638598884192,0.22642283165172,0.591623679685581,0.619711643693485,0.660290154929568,0.597991047026657,2.15048864630232,0.00537170507876361,0.612981744421907,0.629254746262019,0.683341159453143,0.534915654086678,2.23108779526943,0.0280519787730171,0.600317167996726,0.62201976500581,0.668044523256708,0.596667834513395,2.18850916140438,0.000349908502178203,TRUE,TRUE,TRUE
M042,Elastic Net-Cox,FS05_unicox_top25,CLCN5;ITGB2;ARHGEF5;TRIM32;SAT1;ACOX2,6,TRUE,"",0.665970772442589,0.751584588444796,0.715589811654176,0.831526218714705,0.226418640255669,0.592483419307296,0.619261597180054,0.661619936584742,0.598355043414227,2.34756383497988,0.00522821677664188,0.614604462474645,0.631455480745483,0.687700038321001,0.532079897587498,2.42493611345925,0.0283531801693815,0.601903007980356,0.623217277552071,0.67029102988723,0.597634278018824,2.38597351838393,0.000343996234798465,TRUE,TRUE,TRUE
M043,GBM-Cox,FS05_unicox_top25,CLCN5;ITGB2;MYO7A;KCNE1;BCL2L11;ARHGEF5;THBS1;TRIM32;PMM1;VDR;SAT1;HOXB5;SLC8A1;FTH1;SEL1L3;HOXB6;FGR;ACOX2;CTSD;ITGAM;MYOF;SLC16A3;CCL22;TNFSF12-TNFSF13;NEDD9,25,TRUE,"",0.924597814073437,0.984758037094916,0.984309892566779,0.998348146366259,0.169312210465161,0.557111274871039,0.599612141467014,0.604963226029115,0.551570685380325,1.13226619878077,0.177827249544818,0.679107505070994,0.735061443182773,0.74959454531015,0.691188763723037,1.62792382108673,0.000235217378489744,0.600982197667281,0.647454133316132,0.649939067047591,0.56562206405437,1.27466102710255,0.00120656147512116,TRUE,TRUE,TRUE
M044,LASSO-Cox,FS05_unicox_top25,CLCN5;ITGB2;ARHGEF5;TRIM32;SAT1;ACOX2,6,TRUE,"",0.665233943264153,0.750683679328624,0.717553953073557,0.835707149463364,0.226380268506609,0.593711618766888,0.621953129709244,0.666099530680701,0.601440541876128,2.27228238589319,0.00479686046297661,0.612170385395538,0.628602928258432,0.68458994601905,0.527437240843836,2.34544982031256,0.0280804172961048,0.60134029056681,0.622767881761464,0.671716016197277,0.600315310743713,2.30817939083723,0.000314174130418253,TRUE,TRUE,TRUE
M045,Random Survival Forest,FS05_unicox_top25,CLCN5;ITGB2;MYO7A;KCNE1;BCL2L11;ARHGEF5;THBS1;TRIM32;PMM1;VDR;SAT1;HOXB5;SLC8A1;FTH1;SEL1L3;HOXB6;FGR;ACOX2;CTSD;ITGAM;MYOF;SLC16A3;CCL22;TNFSF12-TNFSF13;NEDD9,25,TRUE,"",0.846739530885423,0.955306721337418,0.928104948247648,0.949248667118338,0.177561084513627,0.570007369196758,0.588347385032595,0.66231525750769,0.608281683104307,1.01888298360287,0.0368647574711977,0.628397565922921,0.636042819689996,0.731290677510662,0.601687146515847,1.02858848983916,0.0154522572274127,0.593820339676693,0.608714226633855,0.68467761577889,0.600222704913594,1.02299529579034,0.00129181945343351,TRUE,TRUE,TRUE
M046,Ridge-Cox,FS05_unicox_top25,CLCN5;ITGB2;MYO7A;KCNE1;BCL2L11;ARHGEF5;THBS1;TRIM32;PMM1;VDR;SAT1;HOXB5;SLC8A1;FTH1;SEL1L3;HOXB6;FGR;ACOX2;CTSD;ITGAM;MYOF;SLC16A3;CCL22;TNFSF12-TNFSF13;NEDD9,25,TRUE,"",0.645953579761759,0.725457203228075,0.701724881123691,0.832043336402253,0.233525759355977,0.574183247359371,0.591902384404666,0.596744723999304,0.558579111338409,2.5357833697816,0.0476317676547035,0.579310344827586,0.558606331631081,0.655454574193544,0.546955645110834,2.131088386836,0.190643297982848,0.576938817270309,0.580269282446141,0.614951562072993,0.560373431254185,2.36590362962033,0.0172520614710092,TRUE,TRUE,TRUE
M047,Stepwise Cox,FS05_unicox_top25,CLCN5;ITGB2;ARHGEF5;SAT1;FGR;ACOX2,6,TRUE,"",0.68033894142208,0.75929098752861,0.715117250160327,0.779947782934799,0.232055081625075,0.551338737410956,0.54732762606277,0.629786508388935,0.583836429790084,1.34760212342948,0.100914375112845,0.57525354969574,0.560622893579678,0.683499686569685,0.572434308667618,1.37376436186469,0.21409385258895,0.56256394516063,0.554894089630596,0.646503179988975,0.581210665886158,1.36426399819775,0.0360893668792876,TRUE,FALSE,TRUE
M048,SuperPC,FS05_unicox_top25,CLCN5;ITGB2;MYO7A;KCNE1;BCL2L11;ARHGEF5;THBS1;TRIM32;PMM1;VDR;SAT1;HOXB5;SLC8A1;FTH1;SEL1L3;HOXB6;FGR;ACOX2;CTSD;ITGAM;MYOF;SLC16A3;CCL22;TNFSF12-TNFSF13;NEDD9,25,TRUE,"",0.621515412010316,0.684783372941484,0.671609902398018,0.764821741068997,0.245593590912202,0.584008843036109,0.603185399265129,0.598706396067239,0.568945686308986,1.38423618128012,0.0668878895305867,0.580121703853956,0.585734861144942,0.657726847600388,0.570047357321687,1.25056110850092,0.303597599416557,0.582463679148762,0.593976371880863,0.614383742383174,0.569674232915969,1.32770979876752,0.0375234048048573,TRUE,FALSE,TRUE
M049,Survival-SVM,FS05_unicox_top25,CLCN5;ITGB2;MYO7A;KCNE1;BCL2L11;ARHGEF5;THBS1;TRIM32;PMM1;VDR;SAT1;HOXB5;SLC8A1;FTH1;SEL1L3;HOXB6;FGR;ACOX2;CTSD;ITGAM;MYOF;SLC16A3;CCL22;TNFSF12-TNFSF13;NEDD9,25,TRUE,"",0.357484956404274,0.277871097141906,0.304899712162335,0.188116868179654,0.354096562091591,0.423605993613363,0.406066666360537,0.399349779383456,0.433238228089742,0.998895854959853,0.0442805626034297,0.430425963488844,0.449868151136905,0.350951124146934,0.36481952828605,0.999116936314135,0.189618201055437,0.422958870472683,0.419497834161613,0.382253774969249,0.431419882847995,0.998984818190213,0.0161280932181542,FALSE,TRUE,TRUE
M051,CoxBoost,FS06_unicox_top20,CLCN5;ITGB2;MYO7A;KCNE1;BCL2L11;ARHGEF5;THBS1;TRIM32;PMM1;VDR;SAT1;HOXB5;SLC8A1;FTH1;SEL1L3;HOXB6;FGR;ACOX2;CTSD;ITGAM,20,TRUE,"",0.66461991894879,0.750836309313838,0.715935327346258,0.83638598884192,0.22642283165172,0.591623679685581,0.619711643693485,0.660290154929568,0.597991047026657,2.15048864630232,0.00537170507876361,0.612981744421907,0.629254746262019,0.683341159453143,0.534915654086678,2.23108779526943,0.0280519787730171,0.600317167996726,0.62201976500581,0.668044523256708,0.596667834513395,2.18850916140438,0.000349908502178203,TRUE,TRUE,TRUE
M052,Elastic Net-Cox,FS06_unicox_top20,CLCN5;ITGB2;ARHGEF5;TRIM32;SAT1;ACOX2,6,TRUE,"",0.664988333538008,0.750379511691908,0.714964594438618,0.830696515962796,0.226349500157921,0.592483419307296,0.619927792844927,0.664238164632864,0.600468659991781,2.51789683269068,0.00480398825410053,0.612981744421907,0.63074255480406,0.685511346331632,0.52974757258217,2.61544456221195,0.0266561870506133,0.601544915080827,0.623043815365162,0.671340242736793,0.600214691380173,2.56486390897346,0.000299661530427217,TRUE,TRUE,TRUE
M053,GBM-Cox,FS06_unicox_top20,CLCN5;ITGB2;MYO7A;KCNE1;BCL2L11;ARHGEF5;THBS1;TRIM32;PMM1;VDR;SAT1;HOXB5;SLC8A1;FTH1;SEL1L3;HOXB6;FGR;ACOX2;CTSD;ITGAM,20,TRUE,"",0.919071595235171,0.976421372236359,0.986912555448991,0.996418505856512,0.169717903137744,0.546671579464505,0.556684249421616,0.616915659952824,0.602983855101331,1.13705812456714,0.163259522335238,0.702231237322515,0.749195199971483,0.766971923891563,0.715083247141242,1.60796419184579,4.52856758130721e-05,0.603181911192961,0.626277868345049,0.665461490782822,0.613990237182565,1.29482362723655,0.000433421804868249,TRUE,TRUE,TRUE
M054,LASSO-Cox,FS06_unicox_top20,CLCN5;ITGB2;ARHGEF5;TRIM32;SAT1;ACOX2,6,TRUE,"",0.665356748127226,0.751127731342819,0.717904546325292,0.836909717165664,0.226409860284798,0.59334315892901,0.621286751824549,0.665583544618237,0.601793486651948,2.2174935280644,0.00499648794513341,0.610141987829615,0.627176227654228,0.682401254029681,0.531313222479204,2.28292840841415,0.0288862785675496,0.60072641702476,0.622218204888199,0.670995403727378,0.600273488614299,2.2502241804179,0.000335311008148726,TRUE,TRUE,TRUE
M055,Random Survival Forest,FS06_unicox_top20,CLCN5;ITGB2;MYO7A;KCNE1;BCL2L11;ARHGEF5;THBS1;TRIM32;PMM1;VDR;SAT1;HOXB5;SLC8A1;FTH1;SEL1L3;HOXB6;FGR;ACOX2;CTSD;ITGAM,20,TRUE,"",0.847721969790004,0.953633944466881,0.927188507923861,0.954969668461248,0.17835948219085,0.569393269466961,0.581221788271793,0.670793486171072,0.618195568700537,1.01834947797061,0.0255526037514189,0.630425963488844,0.627361248910454,0.750012298188273,0.600334131071146,1.02902272503097,0.00748899152252351,0.595866584816861,0.602212235103373,0.69678329874967,0.608612322222682,1.02276098845275,0.000499981371857524,TRUE,TRUE,TRUE
M056,Ridge-Cox,FS06_unicox_top20,CLCN5;ITGB2;MYO7A;KCNE1;BCL2L11;ARHGEF5;THBS1;TRIM32;PMM1;VDR;SAT1;HOXB5;SLC8A1;FTH1;SEL1L3;HOXB6;FGR;ACOX2;CTSD;ITGAM,20,TRUE,"",0.649269311064718,0.727458899680751,0.707962714340937,0.846208176986807,0.232094639138891,0.570007369196758,0.589036904834532,0.593659137205798,0.560222952347526,2.42105972835461,0.0469491722537814,0.574036511156187,0.550710676829822,0.646833197243664,0.522095573957853,2.08237521326243,0.18481586110218,0.572232453447923,0.57517905069673,0.610123685407719,0.560509038403175,2.28275285264356,0.0164634579912275,TRUE,TRUE,TRUE
M057,Stepwise Cox,FS06_unicox_top20,CLCN5;ITGB2;ARHGEF5;SAT1;FGR;ACOX2,6,TRUE,"",0.68033894142208,0.75929098752861,0.715117250160327,0.779947782934799,0.232055081625075,0.551338737410956,0.54732762606277,0.629786508388935,0.583836429790084,1.34760212342948,0.100914375112845,0.57525354969574,0.560622893579678,0.683499686569685,0.572434308667618,1.37376436186469,0.21409385258895,0.56256394516063,0.554894089630596,0.646503179988975,0.581210665886158,1.36426399819775,0.0360893668792876,TRUE,FALSE,TRUE
M058,SuperPC,FS06_unicox_top20,CLCN5;ITGB2;MYO7A;KCNE1;BCL2L11;ARHGEF5;THBS1;TRIM32;PMM1;VDR;SAT1;HOXB5;SLC8A1;FTH1;SEL1L3;HOXB6;FGR;ACOX2;CTSD;ITGAM,20,TRUE,"",0.62888370379467,0.691801169133278,0.680320650291314,0.792287432192192,0.244046091098876,0.577745025792189,0.599860033311241,0.591149977525218,0.566028565021648,1.37255456629943,0.072678313429172,0.563083164300203,0.560768024932039,0.638797044425374,0.53004469711203,1.22951179224122,0.340665707897653,0.574074074074074,0.58325610097705,0.60648513015395,0.565357613375686,1.31261396331455,0.0449169600912189,TRUE,FALSE,TRUE
M059,Survival-SVM,FS06_unicox_top20,CLCN5;ITGB2;MYO7A;KCNE1;BCL2L11;ARHGEF5;THBS1;TRIM32;PMM1;VDR;SAT1;HOXB5;SLC8A1;FTH1;SEL1L3;HOXB6;FGR;ACOX2;CTSD;ITGAM,20,TRUE,"",0.356748127225838,0.282143474148604,0.300118053011671,0.167141436957624,0.355236716369659,0.429378531073446,0.411613838589537,0.409585727053395,0.438179298420794,0.998828820372819,0.0476711961002781,0.435699797160243,0.458403741842727,0.360476629972574,0.392585483372829,0.999059512963947,0.198562077297387,0.428688356865153,0.426060408797709,0.392003885760917,0.437049276548134,0.998920146247614,0.017955337202993,FALSE,TRUE,TRUE
M061,CoxBoost,FS07_unicox_top15,CLCN5;ITGB2;MYO7A;KCNE1;BCL2L11;ARHGEF5;THBS1;TRIM32;PMM1;VDR;SAT1;HOXB5;SLC8A1;FTH1;SEL1L3,15,TRUE,"",0.664005894633428,0.750954818031295,0.718234371030235,0.836455116842974,0.226504350216624,0.591500859739622,0.622407768162159,0.657001389629459,0.593175694684078,2.21203437778935,0.0048184373526107,0.621501014198783,0.643607473161309,0.68324354499325,0.522259548703528,2.66710386559373,0.012449068705579,0.602261100879885,0.626563921081545,0.66543557588742,0.593257471934442,2.37335710717118,0.000153842730874877,TRUE,TRUE,TRUE
M062,Elastic Net-Cox,FS07_unicox_top15,CLCN5;ITGB2;ARHGEF5;TRIM32;SAT1,5,TRUE,"",0.66363748004421,0.750220927109322,0.716620488509719,0.836455116842974,0.226507230635514,0.590395480225989,0.620390886297529,0.654631191058497,0.590775739389222,2.25428247169995,0.00490346873247744,0.620689655172414,0.645045207143179,0.684261326091667,0.521982059205741,2.73668497122416,0.0122502645086314,0.60195416410886,0.626382703209613,0.664119405620259,0.591452378424185,2.42505941389004,0.000154437057787283,TRUE,TRUE,TRUE
M063,GBM-Cox,FS07_unicox_top15,CLCN5;ITGB2;MYO7A;KCNE1;BCL2L11;ARHGEF5;THBS1;TRIM32;PMM1;VDR;SAT1;HOXB5;SLC8A1;FTH1;SEL1L3,15,TRUE,"",0.900773670637357,0.958136614436056,0.96924657663466,0.998396730296663,0.172937121120421,0.529476787030214,0.537922313567804,0.57109597899807,0.540239403291195,1.10390127506474,0.273706185701005,0.660040567951319,0.706860978592701,0.743478143536435,0.659249398775824,1.53133168225533,0.000247132209955837,0.582719459791283,0.606097673957791,0.636682588362418,0.554294787080684,1.24618293869285,0.00203716939243519,TRUE,TRUE,TRUE
M064,LASSO-Cox,FS07_unicox_top15,CLCN5;ITGB2;ARHGEF5;TRIM32;SAT1,5,TRUE,"",0.663391870318065,0.749591012204216,0.716635306693708,0.832900782549966,0.226482319905054,0.589535740604274,0.620857113931048,0.658644594877271,0.59530601366675,2.3217784336411,0.00428601514501917,0.621501014198783,0.645784443446725,0.684413222210143,0.529613595467808,2.79785586853568,0.0125899910600904,0.601749539594843,0.626485383675384,0.667404113920543,0.596039128093155,2.49010997055224,0.000138167389002788,TRUE,TRUE,TRUE
M065,Random Survival Forest,FS07_unicox_top15,CLCN5;ITGB2;MYO7A;KCNE1;BCL2L11;ARHGEF5;THBS1;TRIM32;PMM1;VDR;SAT1;HOXB5;SLC8A1;FTH1;SEL1L3,15,TRUE,"",0.841704531499447,0.949262131609261,0.910028657453534,0.946336904751377,0.18051731948706,0.57602554654876,0.591160458182264,0.669990379246388,0.624091207857489,1.01969150808948,0.0151475072839897,0.63448275862069,0.6363025284258,0.753583321960401,0.616497410325595,1.02896225641651,0.00590478029996272,0.600163699611214,0.609606712074409,0.694970139809994,0.615345256626112,1.02363892436221,0.000222651611637161,TRUE,TRUE,TRUE
M066,Ridge-Cox,FS07_unicox_top15,CLCN5;ITGB2;MYO7A;KCNE1;BCL2L11;ARHGEF5;THBS1;TRIM32;PMM1;VDR;SAT1;HOXB5;SLC8A1;FTH1;SEL1L3,15,TRUE,"",0.647427238118629,0.729588735492766,0.699649174395666,0.82837506688573,0.230476183362307,0.572095308278064,0.593756434637422,0.598214171078071,0.563759113914754,2.81291114582214,0.0333906835059206,0.564705882352941,0.53800871297347,0.639975665779192,0.517423521910402,2.41201741313298,0.144305861413089,0.570595457335789,0.574169322183201,0.610456475042232,0.563094105976433,2.64516427859549,0.00962830968891809,TRUE,TRUE,TRUE
M067,Stepwise Cox,FS07_unicox_top15,CLCN5;ARHGEF5;SAT1,3,TRUE,"",0.66461991894879,0.75388800314468,0.720110357085403,0.830826218570777,0.230078353212768,0.580201424711373,0.610933167382098,0.680752772529054,0.609155888529708,1.66814879422603,0.00576236027546851,0.6,0.608335462209409,0.693970957770566,0.530022536754265,1.89535284227725,0.0317079003087333,0.588448946183753,0.609373591094711,0.683443862630746,0.610414414817973,1.7390615662049,0.000427948267286594,TRUE,TRUE,TRUE
M068,SuperPC,FS07_unicox_top15,CLCN5;ITGB2;MYO7A;KCNE1;BCL2L11;ARHGEF5;THBS1;TRIM32;PMM1;VDR;SAT1;HOXB5;SLC8A1;FTH1;SEL1L3,15,TRUE,"",0.634041508043719,0.703360900597403,0.682443246372313,0.790782036243548,0.240387427162841,0.573691967575534,0.597411582023009,0.592694936119483,0.572392304539521,1.44319371720894,0.0596953006319482,0.550101419878296,0.526051077748818,0.615262398617051,0.468903743089233,1.24309608040715,0.346890143616556,0.566809903826479,0.570977534458963,0.600240414295706,0.568004677663207,1.35373298105319,0.0398955656056623,TRUE,FALSE,TRUE
M069,Survival-SVM,FS07_unicox_top15,CLCN5;ITGB2;MYO7A;KCNE1;BCL2L11;ARHGEF5;THBS1;TRIM32;PMM1;VDR;SAT1;HOXB5;SLC8A1;FTH1;SEL1L3,15,TRUE,"",0.357607761267346,0.276938991291968,0.306134870181146,0.182824599895814,0.355841877349718,0.42569393269467,0.402146097583962,0.397011529376957,0.426297484781807,0.998541147428451,0.0322484113778072,0.442190669371197,0.466913022186425,0.368655734772414,0.421286503967046,0.998888362456331,0.179774012315399,0.42950685492122,0.425680874584559,0.387944111931801,0.428695260646003,0.998685041804579,0.0117233830007604,FALSE,TRUE,TRUE
M071,CoxBoost,FS08_unicox_top10,CLCN5;ITGB2;MYO7A;KCNE1;BCL2L11;ARHGEF5;THBS1;TRIM32;PMM1;VDR,10,TRUE,"",0.657620041753653,0.737378963321245,0.70842892406323,0.818392640020062,0.227633181191621,0.589535740604274,0.621160801484407,0.67123885565439,0.611319293772383,2.37839023529445,0.00289273058461054,0.616632860040568,0.652534324413555,0.685057971115064,0.566766485809685,2.77555650535357,0.0130541679205829,0.601084509924289,0.630342396010248,0.67564662206417,0.614050465037474,2.51568620044677,9.8349170099926e-05,TRUE,TRUE,TRUE
M072,Elastic Net-Cox,FS08_unicox_top10,CLCN5;ITGB2;BCL2L11;ARHGEF5;THBS1;TRIM32,6,TRUE,"",0.656637602849073,0.73670466496021,0.708022887839062,0.817313098640469,0.227479993384753,0.59014984033407,0.62159291756747,0.67417215377321,0.613619094636869,2.67792452465645,0.00270661046909036,0.615415821501014,0.651132236728756,0.68298416502241,0.574281517833018,3.11189675212297,0.0139155675788217,0.600931041538776,0.629493288744896,0.676704546363474,0.616085157975351,2.82916493890569,9.74879245409391e-05,TRUE,TRUE,TRUE
M073,GBM-Cox,FS08_unicox_top10,CLCN5;ITGB2;MYO7A;KCNE1;BCL2L11;ARHGEF5;THBS1;TRIM32;PMM1;VDR,10,TRUE,"",0.883949404396414,0.946800073108678,0.971552989542528,0.979798384937344,0.172311512605577,0.569024809629084,0.592034347998895,0.640855576554342,0.628468487604113,1.27131239709987,0.0124125953472206,0.606896551724138,0.619979070531291,0.687455616648123,0.63733589120429,1.44928653916783,0.0101145579916263,0.584561080417434,0.603249348764806,0.658077814107642,0.636819737743967,1.32850289220293,0.000380029066755813,TRUE,TRUE,TRUE
M074,LASSO-Cox,FS08_unicox_top10,CLCN5;ITGB2;ARHGEF5;THBS1;TRIM32,5,TRUE,"",0.657251627164436,0.738158528835964,0.708655883237636,0.817193989289571,0.227647079405612,0.590027020388111,0.620710390531333,0.675517435803092,0.613530696823578,2.50210108557108,0.00263517913792075,0.61501014198783,0.649004492282152,0.683099050919126,0.580132766607574,2.90847679865478,0.0134072217942223,0.600521792510743,0.629603555547723,0.678170391817028,0.616855102206443,2.64285205723274,9.1774008840211e-05,TRUE,TRUE,TRUE
M075,Random Survival Forest,FS08_unicox_top10,CLCN5;ITGB2;MYO7A;KCNE1;BCL2L11;ARHGEF5;THBS1;TRIM32;PMM1;VDR,10,TRUE,"",0.832739776495149,0.928573947056569,0.924111023744222,0.960894296127336,0.183143305273262,0.591378039793663,0.630838824163194,0.692388560145789,0.652523238881447,1.02135550697608,0.0021055799368777,0.60973630831643,0.616669905953186,0.728214819663839,0.631008089665882,1.02370728848748,0.0229943680864515,0.600061387354205,0.627103716705338,0.703167879017022,0.652116914249552,1.02240080601408,0.000110083266524543,TRUE,TRUE,TRUE
M076,Ridge-Cox,FS08_unicox_top10,CLCN5;ITGB2;MYO7A;KCNE1;BCL2L11;ARHGEF5;THBS1;TRIM32;PMM1;VDR,10,TRUE,"",0.648532481886283,0.725642116538699,0.701975740415992,0.829949971694293,0.229475565170957,0.585605502333579,0.615366393402535,0.633193075943423,0.586175995191366,3.00096260647579,0.00960738324489098,0.561460446247465,0.554475604777622,0.637306611953222,0.473758016386827,2.32033728321432,0.127729064143277,0.578524657253939,0.594335055233125,0.6321579656734,0.58435507374611,2.71691957370536,0.00285666292205769,TRUE,TRUE,TRUE
M077,Stepwise Cox,FS08_unicox_top10,CLCN5;ITGB2;ARHGEF5,3,TRUE,"",0.654304310450694,0.728583869879983,0.707570897279221,0.815276593379747,0.230612535330484,0.581920903954802,0.616109267168005,0.687671294526603,0.622902735505288,1.86291515577742,0.00315694067795191,0.605679513184584,0.642092505535785,0.693004990982614,0.573507754321448,2.13150331946435,0.0215400134543848,0.59243912420708,0.624637659231941,0.690039782889553,0.626043332716502,1.94833687208222,0.000168350802335972,TRUE,TRUE,TRUE
M078,SuperPC,FS08_unicox_top10,CLCN5;ITGB2;MYO7A;KCNE1;BCL2L11;ARHGEF5;THBS1;TRIM32;PMM1;VDR,10,TRUE,"",0.627410045437799,0.696527897735137,0.671489548810803,0.760532396013609,0.240627311712954,0.583271923360354,0.613812058331043,0.612026956334892,0.583811011865469,1.463147414183,0.029659337613348,0.531034482758621,0.519247727336381,0.59392153370359,0.447939312581294,1.16021731417268,0.512639725720641,0.56450787804379,0.575085794999433,0.602090111201086,0.57539800899963,1.33676078782627,0.0348560393502223,TRUE,TRUE,TRUE
M079,Survival-SVM,FS08_unicox_top10,CLCN5;ITGB2;MYO7A;KCNE1;BCL2L11;ARHGEF5;THBS1;TRIM32;PMM1;VDR,10,TRUE,"",0.356748127225838,0.280335682331479,0.300312603037076,0.182129189957338,0.354947633034145,0.411692458855318,0.380323852727608,0.372349945863352,0.414239118884353,0.997864880171316,0.0126689816899226,0.449492900608519,0.463788878864547,0.364916931328305,0.409686378227074,0.998621029818102,0.216954323622342,0.424033149171271,0.411933167459474,0.373402062513942,0.416851540243993,0.998152397540355,0.00632580014473677,FALSE,TRUE,TRUE
M081,CoxBoost,FS09_absHR_top20,CLCN5;BCL2L11;ITGB2;PMM1;KCNE1;MYO7A;TRIM32;SEL1L3;THBS1;ARHGEF5;HOXB5;SAT1;VDR;FGR;SLC8A1;FTH1;HOXB6;NEDD9;MYOF;ITGAM,20,TRUE,"",0.664005894633428,0.750954818031295,0.718234371030235,0.836455116842974,0.226504350216624,0.591500859739622,0.622407768162159,0.657001389629459,0.593175694684078,2.21203437778935,0.00481843735261068,0.621501014198783,0.643607473161309,0.68324354499325,0.522259548703528,2.66710386559373,0.012449068705579,0.602261100879885,0.626563921081545,0.66543557588742,0.593257471934442,2.37335710717118,0.000153842730874877,TRUE,TRUE,TRUE
M082,Elastic Net-Cox,FS09_absHR_top20,CLCN5;ITGB2;TRIM32;ARHGEF5;SAT1,5,TRUE,"",0.6641286994965,0.750494328447735,0.719238012038448,0.828829813861045,0.226379680906406,0.591255219847703,0.622629894123724,0.663662459112863,0.601006373243234,3.08080781603123,0.00347968191650303,0.623935091277891,0.650063696537981,0.688717819419418,0.542023897694041,3.7977379962858,0.0123910095615397,0.603949253120524,0.629668096032369,0.671472335857639,0.603891257406303,3.33569921219165,0.000110507352613525,TRUE,TRUE,TRUE
M083,GBM-Cox,FS09_absHR_top20,CLCN5;BCL2L11;ITGB2;PMM1;KCNE1;MYO7A;TRIM32;SEL1L3;THBS1;ARHGEF5;HOXB5;SAT1;VDR;FGR;SLC8A1;FTH1;HOXB6;NEDD9;MYOF;ITGAM,20,TRUE,"",0.911089279135454,0.96826578185394,0.982474013319647,0.996418505856512,0.170518374266189,0.546917219356423,0.57481453848858,0.60742565935016,0.594556013943072,1.16143849586692,0.0975693574181707,0.706693711967546,0.775018396035453,0.793775960164665,0.712985916164424,1.88509222413227,6.94671100225426e-06,0.604051565377532,0.646846708893593,0.669348083217696,0.608963597283528,1.33264376005792,0.000119636495398963,TRUE,TRUE,TRUE
M084,LASSO-Cox,FS09_absHR_top20,CLCN5;ITGB2;TRIM32;ARHGEF5;SAT1,5,TRUE,"",0.664497114085718,0.751052321920341,0.718511156036502,0.831749869831129,0.226459520623926,0.590027020388111,0.620849205590825,0.660244333687844,0.595614929854854,2.44087966137836,0.00396497230768629,0.621906693711968,0.64724763906936,0.686619185636333,0.535953460407408,2.94524811326967,0.0126744712967875,0.602209944751381,0.627305605008336,0.669148603481103,0.597976179547996,2.61924097140016,0.00012854117543568,TRUE,TRUE,TRUE
M085,Random Survival Forest,FS09_absHR_top20,CLCN5;BCL2L11;ITGB2;PMM1;KCNE1;MYO7A;TRIM32;SEL1L3;THBS1;ARHGEF5;HOXB5;SAT1;VDR;FGR;SLC8A1;FTH1;HOXB6;NEDD9;MYOF;ITGAM,20,TRUE,"",0.84612550657006,0.949315984140638,0.924314125728907,0.947416229756601,0.180146458488829,0.567919430115451,0.586862184161118,0.661043034349861,0.606169206216825,1.01870298620061,0.027302946963151,0.627991886409736,0.62748091862205,0.737889137422809,0.612935699170468,1.02900869076972,0.0074290226390021,0.592081031307551,0.605112780770175,0.686276760751804,0.596877874370171,1.0231214205107,0.000507240378378982,TRUE,TRUE,TRUE
M086,Ridge-Cox,FS09_absHR_top20,CLCN5;BCL2L11;ITGB2;PMM1;KCNE1;MYO7A;TRIM32;SEL1L3;THBS1;ARHGEF5;HOXB5;SAT1;VDR;FGR;SLC8A1;FTH1;HOXB6;NEDD9;MYOF;ITGAM,20,TRUE,"",0.647304433255557,0.726064668297907,0.707007096841916,0.835947863014819,0.232409850238336,0.570621468926554,0.589269417325883,0.592402682034895,0.563863504708649,2.60046466033259,0.0478297127645062,0.567951318458418,0.548718727800632,0.641544128135556,0.526955409730834,2.38102286963263,0.147878946762358,0.573153263760999,0.576037021805762,0.609865582262851,0.566262948475131,2.51240720582978,0.013613005953214,TRUE,TRUE,TRUE
M087,Stepwise Cox,FS09_absHR_top20,CLCN5;ITGB2;ARHGEF5;SAT1;FGR,5,TRUE,"",0.679970526832863,0.757055090040833,0.725543230672578,0.774427430202307,0.231483351755634,0.557356914762958,0.559646961488132,0.630126419195145,0.587148103650577,1.51835592182525,0.0429104848532982,0.595131845841785,0.607013154332341,0.69553479384921,0.541782788996636,1.91916395098812,0.0343014299620416,0.571158174749335,0.575666016156366,0.651327775712583,0.588638100276448,1.64664924572178,0.00366438753271013,TRUE,TRUE,TRUE
M088,SuperPC,FS09_absHR_top20,CLCN5;BCL2L11;ITGB2;PMM1;KCNE1;MYO7A;TRIM32;SEL1L3;THBS1;ARHGEF5;HOXB5;SAT1;VDR;FGR;SLC8A1;FTH1;HOXB6;NEDD9;MYOF;ITGAM,20,TRUE,"",0.622252241188751,0.687298834057458,0.675505590313894,0.771542967713499,0.24434510727318,0.575657086710882,0.590222281212852,0.592681771487808,0.576968904103563,1.38453440465141,0.0671904644670701,0.564300202839757,0.561568369173422,0.641128842605551,0.509978465269687,1.26253062801748,0.28006027304912,0.571925516676898,0.577130695482676,0.60763008934899,0.575107159646193,1.332377421111,0.0348825214661033,TRUE,FALSE,TRUE
M089,Survival-SVM,FS09_absHR_top20,CLCN5;BCL2L11;ITGB2;PMM1;KCNE1;MYO7A;TRIM32;SEL1L3;THBS1;ARHGEF5;HOXB5;SAT1;VDR;FGR;SLC8A1;FTH1;HOXB6;NEDD9;MYOF;ITGAM,20,TRUE,"",0.355765688321258,0.278817393788297,0.300118965605409,0.176848316801687,0.354572384095214,0.426062392532547,0.408678860379748,0.404826791361159,0.430555680330249,0.998844080187398,0.0482136371026701,0.437728194726166,0.459706529128541,0.363577007091313,0.395019100084414,0.999009329701014,0.169912046448648,0.427869858809085,0.426740464078093,0.390129325304779,0.429435304145314,0.998910344121396,0.0157079885001379,FALSE,TRUE,TRUE
M091,CoxBoost,FS10_WGCNA_MM_top20,FGR;ITGAM;KIAA0513;SLC8A1;MYOF;VDR;ITGB2;KCNQ1;KCNE1;MYO7A;CTSD;PRKCD;NINJ1;HOXB6;PMM1;HOXB5;SAT1;EPB41L3;NEDD9;FTH1,20,TRUE,"",0.62888370379467,0.675985101078868,0.70150663251121,0.755751051348738,0.243674321457635,0.544215180545321,0.533967669684737,0.539088764726298,0.556208409257021,1.517966230611,0.233026007540317,0.569168356997972,0.524968109294942,0.618931962104617,0.551188555662354,1.69905230983961,0.252989888155233,0.551667689789237,0.532572030568255,0.565036537384215,0.558316145834953,1.59910454488683,0.0917854166075498,TRUE,FALSE,FALSE
M092,Elastic Net-Cox,FS10_WGCNA_MM_top20,ITGB2;KCNE1;HOXB6;PMM1;HOXB5;SAT1;FTH1,7,TRUE,"",0.626427606533219,0.67462579279364,0.68987254258908,0.762470392188676,0.245212703030734,0.541758781626136,0.533972917615576,0.531600951746509,0.546842970607533,1.62308883379779,0.335334884412505,0.548478701825558,0.510247037325917,0.600156213977681,0.546004021415738,1.71117063812289,0.424294110283007,0.542868835686515,0.525201802472413,0.552213846717469,0.547066357991083,1.67363971311437,0.199229814978682,TRUE,FALSE,FALSE
M093,GBM-Cox,FS10_WGCNA_MM_top20,FGR;ITGAM;KIAA0513;SLC8A1;MYOF;VDR;ITGB2;KCNQ1;KCNE1;MYO7A;CTSD;PRKCD;NINJ1;HOXB6;PMM1;HOXB5;SAT1;EPB41L3;NEDD9;FTH1,20,TRUE,"",0.905071840844897,0.966883337923212,0.991321694234455,0.986728686644937,0.173969364769315,0.486489805944486,0.465796501423173,0.471070816529643,0.506730364194034,0.930059819324042,0.50833240368904,0.594320486815416,0.556827411662959,0.627515095158678,0.580598367478365,1.43894946471594,0.0657395708462527,0.523634131368938,0.497896121558746,0.521456822284161,0.507570376815181,1.04816687133195,0.614739291727784,FALSE,FALSE,FALSE
M094,LASSO-Cox,FS10_WGCNA_MM_top20,ITGB2,1,TRUE,"",0.594129927545131,0.622024711759056,0.64585425557942,0.701400248689056,0.255123623513485,0.577069516089413,0.597154907183419,0.557915094039803,0.55722798233829,4.87399148865314,0.155139504811663,0.58052738336714,0.626501494173952,0.596597218527626,0.577628207503171,7.458533490039,0.165214995897469,0.576759770820544,0.607917871663796,0.569490406682295,0.558661192450421,5.81809975476501,0.0456353089132122,TRUE,FALSE,TRUE
M095,Random Survival Forest,FS10_WGCNA_MM_top20,FGR;ITGAM;KIAA0513;SLC8A1;MYOF;VDR;ITGB2;KCNQ1;KCNE1;MYO7A;CTSD;PRKCD;NINJ1;HOXB6;PMM1;HOXB5;SAT1;EPB41L3;NEDD9;FTH1,20,TRUE,"",0.857300749109665,0.955687253370965,0.937201552397979,0.940851866898437,0.179887299666544,0.528739867354458,0.510259850566627,0.568121186408296,0.568099717756038,1.0079388462392,0.408286486529121,0.608924949290061,0.586228816975785,0.710298942355809,0.611796061309194,1.02464510466435,0.0499690502629438,0.554072027828934,0.537127368639706,0.606893536494906,0.545653785171789,1.01481402234271,0.0492582443183881,TRUE,TRUE,TRUE
M096,Ridge-Cox,FS10_WGCNA_MM_top20,FGR;ITGAM;KIAA0513;SLC8A1;MYOF;VDR;ITGB2;KCNQ1;KCNE1;MYO7A;CTSD;PRKCD;NINJ1;HOXB6;PMM1;HOXB5;SAT1;EPB41L3;NEDD9;FTH1,20,TRUE,"",0.612305047279872,0.66763411010125,0.66897668822821,0.768311553698763,0.24963239934959,0.562515352493245,0.571324846700287,0.559607021798509,0.552839275370525,2.02182341596972,0.246518844472714,0.560243407707911,0.550289711035839,0.633500419063657,0.522053520788438,1.83710815822854,0.42859174324957,0.562615101289135,0.563919661507197,0.581858143801295,0.552709156962182,1.95786212258669,0.156110816028014,TRUE,FALSE,FALSE
M097,Stepwise Cox,FS10_WGCNA_MM_top20,FGR;ITGB2;NINJ1;PMM1;HOXB5;SAT1,6,TRUE,"",0.651848213189242,0.692217486414808,0.718532624357389,0.642739899975913,0.240986210377754,0.526406288381233,0.511643445666022,0.521567880238981,0.549705572201905,1.18019947789283,0.453399031092588,0.597565922920893,0.566096297622816,0.676668833306732,0.612948098420692,1.56129852628424,0.144511296077402,0.54890525885001,0.525932708191875,0.566742656801325,0.555752556277156,1.31827932831452,0.124539832053804,TRUE,FALSE,FALSE
M098,SuperPC,FS10_WGCNA_MM_top20,FGR;ITGAM;KIAA0513;SLC8A1;MYOF;VDR;ITGB2;KCNQ1;KCNE1;MYO7A;CTSD;PRKCD;NINJ1;HOXB6;PMM1;HOXB5;SAT1;EPB41L3;NEDD9;FTH1,20,TRUE,"",0.605305170084735,0.661957963291589,0.652023236770956,0.758658253205681,0.252877062861797,0.569147629575043,0.583671223547058,0.568209261626878,0.558479070680901,1.21313568503755,0.202201254206572,0.567545638945233,0.570102262436526,0.63467009628055,0.547354287061051,1.17300273101795,0.40505439347015,0.569214241866176,0.577687572468813,0.588399622298543,0.559163201733096,1.19777730908162,0.126726955669147,TRUE,FALSE,FALSE
M099,Survival-SVM,FS10_WGCNA_MM_top20,FGR;ITGAM;KIAA0513;SLC8A1;MYOF;VDR;ITGB2;KCNQ1;KCNE1;MYO7A;CTSD;PRKCD;NINJ1;HOXB6;PMM1;HOXB5;SAT1;EPB41L3;NEDD9;FTH1,20,TRUE,"",0.388308977035491,0.331121701902744,0.334493835093164,0.236604129469571,0.342025043545444,0.440309506263817,0.435411747187055,0.439233694713761,0.441820016919041,0.999327883293066,0.227131485097418,0.439756592292089,0.454667670421127,0.360777029605864,0.414834661791193,0.999408796273499,0.39889056848364,0.43866380192347,0.441489530817745,0.41631651450555,0.440833348888807,0.999355077448166,0.136524577473646,FALSE,FALSE,FALSE
M101,CoxBoost,FS11_DEG_logFC_top20,MYO7A;MYOF;HOXB7;HOXB6;THBS1;EPB41L3;AIM2;KCNE1;HOXB5;SLC8A1;KCNQ1;ACOX2;TRIM32;ITGAM;CLCN5;FGR;PI4K2A;SEL1L3;VDR;CCL22,20,TRUE,"",0.649637725653936,0.744864166604705,0.701817206849919,0.834928141417077,0.228862046417872,0.579832964873495,0.584904633070142,0.654821252069517,0.594265366651379,1.93363135135332,0.0230603899336755,0.564300202839757,0.540462366421867,0.585950919819668,0.544799750380735,1.39692725842513,0.356618208872551,0.575097196644158,0.568094522385663,0.633611050170672,0.596259561327249,1.68726704531151,0.0198822898804704,TRUE,TRUE,TRUE
M102,Elastic Net-Cox,FS11_DEG_logFC_top20,THBS1;KCNE1;HOXB5;ACOX2;TRIM32;CLCN5,6,TRUE,"",0.649023701338573,0.744681233656718,0.703709584025438,0.834928141417077,0.228962039636551,0.580447064603292,0.585575420674501,0.656955484824335,0.595652300593367,2.41745427388615,0.0211926739561812,0.56105476673428,0.537681955250318,0.584984953031715,0.538727988418254,1.5712822015257,0.34871728768164,0.574790259873133,0.566927806934624,0.632499357752115,0.594086450295019,2.02050847647024,0.0181455278673348,TRUE,TRUE,TRUE
M103,GBM-Cox,FS11_DEG_logFC_top20,MYO7A;MYOF;HOXB7;HOXB6;THBS1;EPB41L3;AIM2;KCNE1;HOXB5;SLC8A1;KCNQ1;ACOX2;TRIM32;ITGAM;CLCN5;FGR;PI4K2A;SEL1L3;VDR;CCL22,20,TRUE,"",0.918825985509026,0.983263470649252,0.976604302509262,0.993114798589029,0.169765241497492,0.528862687300418,0.545307209133616,0.544531887519344,0.549894271296728,1.0664378238538,0.47882580940176,0.62474645030426,0.636043668411355,0.703824775105074,0.634090694983628,1.3773078999292,0.0153864123986698,0.560926949048496,0.575137790527722,0.59702401927254,0.573301716097948,1.15759953936843,0.0522237467740499,TRUE,TRUE,FALSE
M104,LASSO-Cox,FS11_DEG_logFC_top20,THBS1;KCNE1;HOXB5;ACOX2;TRIM32;CLCN5,6,TRUE,"",0.649023701338573,0.745556396617303,0.698533732512514,0.826706391966001,0.230214200287263,0.586710881847212,0.596969225186015,0.684545423690637,0.620433003152091,2.81498408403962,0.00924612847918028,0.57079107505071,0.555490675522791,0.600108409107907,0.55557710068645,1.82898581682862,0.242517792905034,0.583691426232863,0.581368375769067,0.656947021482404,0.620367996239287,2.36286126797567,0.00610630369314662,TRUE,TRUE,TRUE
M105,Random Survival Forest,FS11_DEG_logFC_top20,MYO7A;MYOF;HOXB7;HOXB6;THBS1;EPB41L3;AIM2;KCNE1;HOXB5;SLC8A1;KCNQ1;ACOX2;TRIM32;ITGAM;CLCN5;FGR;PI4K2A;SEL1L3;VDR;CCL22,20,TRUE,"",0.846493921159278,0.964621787094193,0.913858538368959,0.912460512520872,0.178392390024026,0.531319086219602,0.534904862667117,0.553311533475793,0.521987289992956,1.00499545943805,0.511943627395281,0.578904665314402,0.573896895631886,0.644634019024796,0.561590206458977,1.01602698743385,0.127355412205611,0.549416820135052,0.54762584403191,0.581304593083087,0.517611138217147,1.00918061655033,0.134854414458976,TRUE,FALSE,FALSE
M106,Ridge-Cox,FS11_DEG_logFC_top20,MYO7A;MYOF;HOXB7;HOXB6;THBS1;EPB41L3;AIM2;KCNE1;HOXB5;SLC8A1;KCNQ1;ACOX2;TRIM32;ITGAM;CLCN5;FGR;PI4K2A;SEL1L3;VDR;CCL22,20,TRUE,"",0.63600638585288,0.72076491872101,0.692245655174767,0.802890099958037,0.237250454295895,0.549496438221567,0.548238652278881,0.559710829899904,0.540455130968115,2.00345411004179,0.21689047776416,0.534685598377282,0.504407834377119,0.58719415485231,0.537790466097933,1.55279427166214,0.535535146954605,0.546910169838347,0.532105632763543,0.567628185727577,0.539317104941651,1.81989569963328,0.171497142239566,TRUE,FALSE,FALSE
M107,Stepwise Cox,FS11_DEG_logFC_top20,TRIM32;CLCN5;ACOX2,3,TRUE,"",0.647795652707847,0.740478837820443,0.675620208324607,0.816900298115236,0.231900597315122,0.593465978874969,0.602962507980317,0.698929097652293,0.638158234545036,1.80641718916588,0.00582030280366029,0.589452332657201,0.580813125985047,0.64064030767831,0.534929917894498,1.40692198227173,0.207900700548379,0.593308778391651,0.594373060187758,0.678693715623161,0.636754823026954,1.6263348280854,0.00347834085677257,TRUE,TRUE,TRUE
M108,SuperPC,FS11_DEG_logFC_top20,MYO7A;MYOF;HOXB7;HOXB6;THBS1;EPB41L3;AIM2;KCNE1;HOXB5;SLC8A1;KCNQ1;ACOX2;TRIM32;ITGAM;CLCN5;FGR;PI4K2A;SEL1L3;VDR;CCL22,20,TRUE,"",0.621269802284171,0.697013679203152,0.665812052345927,0.745337521444463,0.246878510140241,0.549250798329649,0.545970234173607,0.552510367664102,0.539934744946173,1.18486826992278,0.336748083379191,0.533874239350913,0.506679861454725,0.592026764558703,0.496736752642498,1.09882092370443,0.679349343695337,0.544710456312666,0.530307897037318,0.563788500693388,0.537490286029994,1.15292691672277,0.304972973132511,TRUE,FALSE,FALSE
M109,Survival-SVM,FS11_DEG_logFC_top20,MYO7A;MYOF;HOXB7;HOXB6;THBS1;EPB41L3;AIM2;KCNE1;HOXB5;SLC8A1;KCNQ1;ACOX2;TRIM32;ITGAM;CLCN5;FGR;PI4K2A;SEL1L3;VDR;CCL22,20,TRUE,"",0.366081296819354,0.282182283756133,0.313621837271232,0.217352200418404,0.351404065015619,0.453819700319332,0.459426169375656,0.445497706940694,0.460568615760628,0.9993050513989,0.262764053161707,0.462474645030426,0.496921263270819,0.410590166538287,0.39915655993148,0.99953185122125,0.552867131618609,0.454624514016779,0.472570577392702,0.43652652804602,0.46288835657007,0.999387803906881,0.206356238960737,FALSE,FALSE,FALSE
M121,CoxBoost,FS13_random_stability_top20,CLCN5;ITGB2;MYO7A;KCNE1;VDR;PMM1;BCL2L11;SLC8A1;FTH1;THBS1;SAT1;ARHGEF5;TRIM32;HOXB5;HOXB6;FGR;ITGAM;ACOX2;MYOF;SEL1L3,20,TRUE,"",0.66461991894879,0.750836309313838,0.715935327346258,0.83638598884192,0.22642283165172,0.591623679685581,0.619711643693485,0.660290154929568,0.597991047026657,2.15048864630232,0.0053717050787636,0.612981744421907,0.629254746262019,0.683341159453143,0.534915654086678,2.23108779526943,0.0280519787730171,0.600317167996726,0.62201976500581,0.668044523256708,0.596667834513395,2.18850916140438,0.000349908502178202,TRUE,TRUE,TRUE
M122,Elastic Net-Cox,FS13_random_stability_top20,CLCN5;ITGB2;SAT1;ARHGEF5;TRIM32;ACOX2,6,TRUE,"",0.664988333538008,0.750379511691908,0.714964594438618,0.830696515962796,0.226349358999229,0.592483419307296,0.619927792844927,0.664238164632864,0.600468659991781,2.51793562101555,0.00480408057257864,0.612981744421907,0.63074255480406,0.685511346331632,0.52974757258217,2.61547795708835,0.0266553819239436,0.601544915080827,0.623043815365162,0.671340242736793,0.600214691380173,2.56490066218144,0.000299658732583133,TRUE,TRUE,TRUE
M123,GBM-Cox,FS13_random_stability_top20,CLCN5;ITGB2;MYO7A;KCNE1;VDR;PMM1;BCL2L11;SLC8A1;FTH1;THBS1;SAT1;ARHGEF5;TRIM32;HOXB5;HOXB6;FGR;ITGAM;ACOX2;MYOF;SEL1L3,20,TRUE,"",0.919685619550534,0.977577223826593,0.977965974184102,0.994815236153174,0.170390746093953,0.549250798329649,0.563089604118693,0.599528003616935,0.581879796225179,1.13719961509495,0.162401737137261,0.695740365111562,0.742785656269547,0.796120711922458,0.726189397497344,1.58492645234274,9.55585200132539e-05,0.601289134438306,0.627040609949203,0.662820665841579,0.594267023140311,1.28837986504796,0.000545304234116566,TRUE,TRUE,TRUE
M124,LASSO-Cox,FS13_random_stability_top20,CLCN5;ITGB2;SAT1;ARHGEF5;TRIM32;ACOX2,6,TRUE,"",0.664742723811863,0.750556470766163,0.716405018819724,0.838116070850235,0.226287242484112,0.593465978874969,0.621523309595922,0.669865645681607,0.605954128901856,2.50984729610136,0.00406063153411657,0.613387423935091,0.630791780642872,0.687929810114431,0.540518510330334,2.6212529965406,0.0250794925358838,0.602465725393902,0.623888554523485,0.676336370630237,0.606644378867727,2.5609572015894,0.000241385471962234,TRUE,TRUE,TRUE
M125,Random Survival Forest,FS13_random_stability_top20,CLCN5;ITGB2;MYO7A;KCNE1;VDR;PMM1;BCL2L11;SLC8A1;FTH1;THBS1;SAT1;ARHGEF5;TRIM32;HOXB5;HOXB6;FGR;ITGAM;ACOX2;MYOF;SEL1L3,20,TRUE,"",0.847230750337713,0.949147674751485,0.929482792868334,0.958822900574039,0.179372252026114,0.570989928764431,0.582649699231608,0.666298400687242,0.626323186926304,1.01846506592182,0.0229490065709741,0.645841784989858,0.650075578637004,0.764367329535159,0.595699996220549,1.03093212421314,0.0044073441013985,0.600266011868222,0.609576229305798,0.696144761449235,0.618570824379099,1.02344249669801,0.000298684856908556,TRUE,TRUE,TRUE
M126,Ridge-Cox,FS13_random_stability_top20,CLCN5;ITGB2;MYO7A;KCNE1;VDR;PMM1;BCL2L11;SLC8A1;FTH1;THBS1;SAT1;ARHGEF5;TRIM32;HOXB5;HOXB6;FGR;ITGAM;ACOX2;MYOF;SEL1L3,20,TRUE,"",0.650865774284662,0.729175724385284,0.710615704498284,0.847325627890941,0.232080684153473,0.571604028494227,0.591954973044951,0.596349331565006,0.56761659066316,2.52344361422284,0.0419401089932738,0.571196754563895,0.549334050785789,0.644751834897401,0.512092245948122,2.15808751331214,0.173870046488931,0.57340904440352,0.577561528250714,0.612262096478344,0.567491958051567,2.37380208008253,0.0140141116993438,TRUE,TRUE,TRUE
M127,Stepwise Cox,FS13_random_stability_top20,CLCN5;ITGB2;SAT1;ARHGEF5;FGR;ACOX2,6,TRUE,"",0.68033894142208,0.75929098752861,0.715117250160327,0.779947782934799,0.232055081625075,0.551338737410956,0.54732762606277,0.629786508388935,0.583836429790084,1.34760212342948,0.100914375112845,0.57525354969574,0.560622893579678,0.683499686569685,0.572434308667618,1.37376436186469,0.21409385258895,0.56256394516063,0.554894089630596,0.646503179988975,0.581210665886158,1.36426399819775,0.0360893668792878,TRUE,FALSE,TRUE
M128,SuperPC,FS13_random_stability_top20,CLCN5;ITGB2;MYO7A;KCNE1;VDR;PMM1;BCL2L11;SLC8A1;FTH1;THBS1;SAT1;ARHGEF5;TRIM32;HOXB5;HOXB6;FGR;ITGAM;ACOX2;MYOF;SEL1L3,20,TRUE,"",0.626673216259364,0.691484542064013,0.676746747331524,0.770510710671008,0.243881048818848,0.576762466224515,0.596500373587077,0.59680925243999,0.577345370314311,1.40420984135922,0.0539027515944315,0.563083164300203,0.558776075902849,0.638133636200315,0.517364472895675,1.25566725488397,0.294724595261817,0.57402291794557,0.582531711657628,0.609442188005927,0.575781504093286,1.34202578267532,0.030058597064912,TRUE,FALSE,TRUE
M129,Survival-SVM,FS13_random_stability_top20,CLCN5;ITGB2;MYO7A;KCNE1;VDR;PMM1;BCL2L11;SLC8A1;FTH1;THBS1;SAT1;ARHGEF5;TRIM32;HOXB5;HOXB6;FGR;ITGAM;ACOX2;MYOF;SEL1L3,20,TRUE,"",0.353800810512096,0.277425000231705,0.299155102257427,0.170501188446524,0.355497837910692,0.42569393269467,0.406262042452408,0.401367762111072,0.426846320940407,0.998776890831801,0.0392148844248335,0.432454361054767,0.453372521627542,0.356285684985955,0.386564949639844,0.999005379305663,0.176447606164209,0.425209740126867,0.421488442482698,0.385371539864356,0.425649580954753,0.998867168221457,0.0134226122299148,FALSE,TRUE,TRUE
M131,CoxBoost,FS14_original_6gene,CLCN5;ARHGEF5;ITGB2;TRIM32;SAT1;ACOX2,6,TRUE,"",0.663269065454992,0.751631503395958,0.718002614737923,0.831577834725385,0.226141698498612,0.594571358388602,0.622853587175748,0.673039321337313,0.609521993453399,2.70145120713009,0.00331323333295467,0.617849898580122,0.637186896081708,0.695575505093146,0.544965335785501,2.83986561439007,0.022144163320526,0.603846940863515,0.625604557449676,0.679268629802399,0.610927677866274,2.76260997685785,0.00017705984860185,TRUE,TRUE,TRUE
M132,Elastic Net-Cox,FS14_original_6gene,CLCN5;ARHGEF5;ITGB2;TRIM32;SAT1;ACOX2,6,TRUE,"",0.665356748127226,0.751320345004379,0.714829201037474,0.830446677335111,0.226448791047053,0.591623679685581,0.618815231507003,0.660290154929568,0.596955035303754,2.28282628427518,0.00540552519717092,0.614198782961461,0.631430867826077,0.686645247000823,0.530842712778664,2.35289304447366,0.0290798242395182,0.600675260896255,0.622118919316598,0.668882743869608,0.595565912735567,2.31809386375844,0.000363556746030906,TRUE,TRUE,TRUE
M133,GBM-Cox,FS14_original_6gene,CLCN5;ARHGEF5;ITGB2;TRIM32;SAT1;ACOX2,6,TRUE,"",0.853985017806705,0.928115507309256,0.958933942457916,0.985726090990233,0.18105685601798,0.561164333087693,0.572701262338742,0.642090535430092,0.623471499858672,1.34517568038693,0.00613871088488791,0.685192697768763,0.688470884189424,0.780190278802627,0.736668201875263,1.80867864949471,3.71694958804143e-05,0.6060978105177,0.61255079926619,0.689637189632373,0.642161994649594,1.50119107959999,3.59545683770224e-06,TRUE,TRUE,TRUE
M134,LASSO-Cox,FS14_original_6gene,CLCN5;ARHGEF5;ITGB2;TRIM32;SAT1;ACOX2,6,TRUE,"",0.666339187031807,0.752294222420525,0.717575724619785,0.83638598884192,0.226462911185525,0.592483419307296,0.620614214909911,0.663717011450319,0.599349217863269,2.13106674955814,0.00533883337236548,0.610547667342799,0.626450570892422,0.682322144680667,0.53540936083027,2.18512247993579,0.0302593699142556,0.600214855739718,0.62166200120548,0.670270963225004,0.597979822791116,2.15906686295521,0.000372907663631406,TRUE,TRUE,TRUE
M135,Random Survival Forest,FS14_original_6gene,CLCN5;ARHGEF5;ITGB2;TRIM32;SAT1;ACOX2,6,TRUE,"",0.815178681075771,0.910742600613309,0.922202511314397,0.961677247990828,0.188324281295767,0.580324244657332,0.593417615102612,0.666446746296855,0.62741898091069,1.0188369529612,0.0046397574867532,0.673833671399594,0.697114262507819,0.749558306134676,0.698396346461969,1.03110918286727,0.00121963676659214,0.610036832412523,0.625793501123278,0.694146189996468,0.635795582426107,1.02315498420148,2.54262049482965e-05,TRUE,TRUE,TRUE
M136,Ridge-Cox,FS14_original_6gene,CLCN5;ARHGEF5;ITGB2;TRIM32;SAT1;ACOX2,6,TRUE,"",0.664497114085718,0.743570676662924,0.708802034312351,0.836556843627838,0.227389851940369,0.586465241955294,0.610632978449299,0.637295277944089,0.577810921912138,2.37231349177558,0.00995803232086286,0.613387423935091,0.626448024728346,0.692617154700414,0.541467413938691,2.38890362490322,0.0424191294472528,0.59658277061592,0.616475048661584,0.653071497490776,0.577011990009496,2.39003968721842,0.000921079736622979,TRUE,TRUE,TRUE
M137,Stepwise Cox,FS14_original_6gene,CLCN5;ARHGEF5;SAT1,3,TRUE,"",0.66461991894879,0.75388800314468,0.720110357085403,0.830826218570777,0.230078353212768,0.580201424711373,0.610933167382098,0.680752772529054,0.609155888529708,1.66814879422603,0.00576236027546851,0.6,0.608335462209409,0.693970957770566,0.530022536754265,1.89535284227725,0.0317079003087333,0.588448946183753,0.609373591094711,0.683443862630746,0.610414414817973,1.7390615662049,0.000427948267286594,TRUE,TRUE,TRUE
M138,SuperPC,FS14_original_6gene,CLCN5;ARHGEF5;ITGB2;TRIM32;SAT1;ACOX2,6,TRUE,"",0.657006017438291,0.727109397169975,0.700226301136344,0.824732574119405,0.232647096435098,0.593834438712847,0.613268423717645,0.636454951170989,0.588533152908698,1.57018561482167,0.0147277427121356,0.605679513184584,0.615708304653624,0.668069662489909,0.578350447770098,1.4587964375869,0.103632494241096,0.59914057704113,0.61514033276456,0.648445624370133,0.584959989748106,1.52804941514915,0.00309830605967448,TRUE,TRUE,TRUE
M141,CoxBoost,FS15_union_stable,CLCN5;ITGB2;MYO7A;KCNE1;BCL2L11;ARHGEF5;THBS1;TRIM32;PMM1;VDR;SAT1;HOXB5;SLC8A1;FTH1;SEL1L3,15,TRUE,"",0.664005894633428,0.750954818031295,0.718234371030235,0.836455116842974,0.226504350216624,0.591500859739622,0.622407768162159,0.657001389629459,0.593175694684078,2.21203437778935,0.0048184373526107,0.621501014198783,0.643607473161309,0.68324354499325,0.522259548703528,2.66710386559373,0.012449068705579,0.602261100879885,0.626563921081545,0.66543557588742,0.593257471934442,2.37335710717118,0.000153842730874877,TRUE,TRUE,TRUE
M142,Elastic Net-Cox,FS15_union_stable,CLCN5;ITGB2;ARHGEF5;TRIM32;SAT1,5,TRUE,"",0.663760284907282,0.74928335327822,0.716622325336244,0.831749869831129,0.226472863229904,0.589781380496193,0.619940657564277,0.654658173750491,0.590426001500477,2.40173379852923,0.0045745770335338,0.620689655172414,0.645057937963561,0.685395226760858,0.518472906766589,2.93273274947646,0.0122336372561576,0.602465725393902,0.6272050221065,0.665571348128313,0.592821148287528,2.58971932667366,0.000143783123692909,TRUE,TRUE,TRUE
M143,GBM-Cox,FS15_union_stable,CLCN5;ITGB2;MYO7A;KCNE1;BCL2L11;ARHGEF5;THBS1;TRIM32;PMM1;VDR;SAT1;HOXB5;SLC8A1;FTH1;SEL1L3,15,TRUE,"",0.895124646936019,0.957059782810666,0.969030705633262,0.99476665222277,0.172867991123427,0.548882338491771,0.564652357745906,0.603469089934914,0.569248703221164,1.15432122165002,0.118622370894739,0.685192697768763,0.738294222838583,0.77834007613311,0.712237323271809,1.61307356401047,4.01832457636715e-05,0.601289134438306,0.632701751272626,0.669144192282112,0.58230292327733,1.30785184765039,0.000200825930884572,TRUE,TRUE,TRUE
M144,LASSO-Cox,FS15_union_stable,CLCN5;ITGB2;ARHGEF5;TRIM32;SAT1,5,TRUE,"",0.664251504359573,0.75064851803147,0.719725817318188,0.833043248440982,0.226450352088732,0.590027020388111,0.621527719315585,0.661302608220013,0.596654148464833,2.51721712539579,0.00377716414839527,0.621906693711968,0.64724763906936,0.687753086305524,0.540846197727193,3.03821132966793,0.0127426046088444,0.602261100879885,0.627856681719,0.670206653391523,0.599880306077145,2.7014846176907,0.000123035617919391,TRUE,TRUE,TRUE
M145,Random Survival Forest,FS15_union_stable,CLCN5;ITGB2;MYO7A;KCNE1;BCL2L11;ARHGEF5;THBS1;TRIM32;PMM1;VDR;SAT1;HOXB5;SLC8A1;FTH1;SEL1L3,15,TRUE,"",0.841704531499447,0.949262131609261,0.910028657453534,0.946336904751377,0.18051731948706,0.57602554654876,0.591160458182264,0.669990379246388,0.624091207857489,1.01969150808948,0.0151475072839897,0.63448275862069,0.6363025284258,0.753583321960401,0.616497410325595,1.02896225641651,0.00590478029996272,0.600163699611214,0.609606712074409,0.694970139809994,0.615345256626112,1.02363892436221,0.000222651611637161,TRUE,TRUE,TRUE
M146,Ridge-Cox,FS15_union_stable,CLCN5;ITGB2;MYO7A;KCNE1;BCL2L11;ARHGEF5;THBS1;TRIM32;PMM1;VDR;SAT1;HOXB5;SLC8A1;FTH1;SEL1L3,15,TRUE,"",0.650865774284662,0.734446063655275,0.704384916504663,0.833532670882074,0.229544820612876,0.572340948169983,0.594879382505133,0.602942503969769,0.564571499614712,2.59060307371322,0.0287916074179263,0.571196754563895,0.546457734100691,0.645257178633691,0.528192694199216,2.34521986170395,0.118911869277929,0.572385921833436,0.576263808375308,0.615201416383615,0.565321471048228,2.49171846526162,0.0069554672371,TRUE,TRUE,TRUE
M147,Stepwise Cox,FS15_union_stable,CLCN5;ARHGEF5;SAT1,3,TRUE,"",0.66461991894879,0.75388800314468,0.720110357085403,0.830826218570777,0.230078353212768,0.580201424711373,0.610933167382098,0.680752772529054,0.609155888529708,1.66814879422603,0.00576236027546851,0.6,0.608335462209409,0.693970957770566,0.530022536754265,1.89535284227725,0.0317079003087333,0.588448946183753,0.609373591094711,0.683443862630746,0.610414414817973,1.7390615662049,0.000427948267286594,TRUE,TRUE,TRUE
M148,SuperPC,FS15_union_stable,CLCN5;ITGB2;MYO7A;KCNE1;BCL2L11;ARHGEF5;THBS1;TRIM32;PMM1;VDR;SAT1;HOXB5;SLC8A1;FTH1;SEL1L3,15,TRUE,"",0.634041508043719,0.703360900597403,0.682443246372313,0.790782036243548,0.240387427162841,0.573691967575534,0.597411582023009,0.592694936119483,0.572392304539521,1.44319371720894,0.0596953006319482,0.550101419878296,0.526051077748818,0.615262398617051,0.468903743089233,1.24309608040715,0.346890143616556,0.566809903826479,0.570977534458963,0.600240414295706,0.568004677663207,1.35373298105319,0.0398955656056623,TRUE,FALSE,TRUE
M149,Survival-SVM,FS15_union_stable,CLCN5;ITGB2;MYO7A;KCNE1;BCL2L11;ARHGEF5;THBS1;TRIM32;PMM1;VDR;SAT1;HOXB5;SLC8A1;FTH1;SEL1L3,15,TRUE,"",0.357607761267346,0.276938991291968,0.306134870181146,0.182824599895814,0.355841877349718,0.42569393269467,0.402146097583962,0.397011529376957,0.426297484781807,0.998541147428451,0.0322484113778072,0.442190669371197,0.466913022186425,0.368655734772414,0.421286503967046,0.998888362456331,0.179774012315399,0.42950685492122,0.425680874584559,0.387944111931801,0.428695260646003,0.998685041804579,0.0117233830007604,FALSE,TRUE,TRUE
